{
    "root_group": {
        "name": "",
        "path": "",
        "id": "d41d8cd98f00b204e9800998ecf8427e",
        "groups": {},
        "checks": {
                "status is 200": {
                    "id": "6210a8cd14cd70477eba5c5e4cb3fb5f",
                    "passes": 14571,
                    "fails": 113407,
                    "name": "status is 200",
                    "path": "::status is 200"
                }
            }
    },
    "metrics": {
        "http_req_sending": {
            "max": 8.164,
            "p(90)": 0.12,
            "p(95)": 0.155,
            "avg": 0.07928454890684233,
            "min": 0.011,
            "med": 0.064
        },
        "http_req_waiting": {
            "avg": 56.7023870040161,
            "min": 25.882,
            "med": 51.26,
            "max": 2954.696,
            "p(90)": 76.04060000000001,
            "p(95)": 100.30914999999999
        },
        "status_200": {
            "count": 14571,
            "rate": 80.93661982779881
        },
        "vus_max": {
            "value": 100,
            "min": 100,
            "max": 100
        },
        "status_500": {
            "count": 113407,
            "rate": 629.9347501757724
        },
        "http_req_tls_handshaking": {
            "avg": 0.043042835487349405,
            "min": 0,
            "med": 0,
            "max": 152.574,
            "p(90)": 0,
            "p(95)": 0
        },
        "http_req_receiving": {
            "avg": 0.3065778258763516,
            "min": 0.007,
            "med": 0.039,
            "max": 128.765,
            "p(90)": 0.626,
            "p(95)": 1.366
        },
        "data_received": {
            "count": 55933620,
            "rate": 310690.9709376545
        },
        "http_req_duration{expected_response:true}": {
            "min": 35.675,
            "med": 60.322,
            "max": 2954.88,
            "p(90)": 107.615,
            "p(95)": 129.334,
            "avg": 70.24097350902508
        },
        "iterations": {
            "rate": 710.8713700035712,
            "count": 127978
        },
        "http_req_duration": {
            "p(90)": 76.57260000000001,
            "p(95)": 101.04674999999975,
            "avg": 57.08824937879864,
            "min": 26.066,
            "med": 51.599,
            "max": 2954.88,
            "thresholds": {
                "p(99)<4000": false,
                "p(95)<2000": false
            }
        },
        "http_req_connecting": {
            "p(95)": 0,
            "avg": 0.031088272984419196,
            "min": 0,
            "med": 0,
            "max": 154.061,
            "p(90)": 0
        },
        "http_req_failed": {
            "passes": 113407,
            "fails": 14571,
            "value": 0.8861444935848349
        },
        "http_reqs": {
            "count": 127978,
            "rate": 710.8713700035712
        },
        "checks": {
            "fails": 113407,
            "passes": 14571,
            "value": 0.1138555064151651
        },
        "data_sent": {
            "rate": 26913.011941686953,
            "count": 4845143
        },
        "vus": {
            "value": 1,
            "min": 1,
            "max": 99
        },
        "http_req_blocked": {
            "min": 0,
            "med": 0,
            "max": 226.579,
            "p(90)": 0.001,
            "p(95)": 0.001,
            "avg": 0.07530876400640128
        },
        "iteration_duration": {
            "avg": 57.32325670545694,
            "min": 26.235459,
            "med": 51.769896,
            "max": 2955.024667,
            "p(90)": 76.9380249,
            "p(95)": 101.78075264999987
        }
    }
}