{
    "root_group": {
        "name": "",
        "path": "",
        "id": "d41d8cd98f00b204e9800998ecf8427e",
        "groups": {},
        "checks": {
                "status is 200": {
                    "name": "status is 200",
                    "path": "::status is 200",
                    "id": "6210a8cd14cd70477eba5c5e4cb3fb5f",
                    "passes": 3216,
                    "fails": 0
                }
            }
    },
    "metrics": {
        "vus": {
            "value": 1,
            "min": 1,
            "max": 10
        },
        "http_req_blocked": {
            "min": 0,
            "med": 0.001,
            "max": 146.469,
            "p(90)": 0.002,
            "p(95)": 0.002,
            "avg": 0.3215861318407736
        },
        "data_received": {
            "count": 2037212,
            "rate": 11307.522121597474
        },
        "checks": {
            "passes": 3216,
            "fails": 0,
            "thresholds": {
                "rate>0.95": false
            },
            "value": 1
        },
        "http_req_duration": {
            "max": 3184.461,
            "p(90)": 73.0175,
            "p(95)": 86.01325,
            "avg": 69.56477114427862,
            "min": 37.999,
            "med": 59.197,
            "thresholds": {
                "p(95)<1000": false,
                "p(99)<2000": false
            }
        },
        "vus_max": {
            "max": 10,
            "value": 10,
            "min": 10
        },
        "http_req_connecting": {
            "avg": 0.13149533582089554,
            "min": 0,
            "med": 0,
            "max": 92.808,
            "p(90)": 0,
            "p(95)": 0
        },
        "http_req_receiving": {
            "avg": 0.8466803482587083,
            "min": 0.021,
            "med": 0.1165,
            "max": 96.874,
            "p(90)": 1.8790000000000002,
            "p(95)": 2.4357499999999996
        },
        "http_req_sending": {
            "max": 1.46,
            "p(90)": 0.325,
            "p(95)": 0.352,
            "avg": 0.24278451492537387,
            "min": 0.028,
            "med": 0.242
        },
        "iteration_duration": {
            "med": 260.315812,
            "max": 3480.694917,
            "p(90)": 274.38475,
            "p(95)": 290.02229174999997,
            "avg": 270.9648651958962,
            "min": 239.608667
        },
        "http_req_waiting": {
            "avg": 68.47530628109467,
            "min": 37.476,
            "med": 58.2315,
            "max": 3183.604,
            "p(90)": 71.84150000000001,
            "p(95)": 83.83049999999992
        },
        "http_req_failed": {
            "passes": 0,
            "fails": 3216,
            "thresholds": {
                "rate<0.05": false
            },
            "value": 0
        },
        "http_reqs": {
            "count": 3216,
            "rate": 17.850371558314734
        },
        "iterations": {
            "count": 3216,
            "rate": 17.850371558314734
        },
        "http_req_duration{expected_response:true}": {
            "avg": 69.56477114427862,
            "min": 37.999,
            "med": 59.197,
            "max": 3184.461,
            "p(90)": 73.0175,
            "p(95)": 86.01325
        },
        "http_req_tls_handshaking": {
            "p(90)": 0,
            "p(95)": 0,
            "avg": 0.18218812189054728,
            "min": 0,
            "med": 0,
            "max": 72.998
        },
        "status_200": {
            "count": 3216,
            "rate": 17.850371558314734
        },
        "data_sent": {
            "rate": 781.5532084524817,
            "count": 140808
        }
    }
}