{
    "metrics": {
        "checks": {
            "passes": 20,
            "fails": 0,
            "value": 1
        },
        "iteration_duration": {
            "avg": 1210.47003965,
            "min": 79.680042,
            "med": 185.145771,
            "max": 3295.05225,
            "p(90)": 3284.852325,
            "p(95)": 3291.1844437500004
        },
        "status_409": {
            "rate": 5.150645784938724,
            "count": 17
        },
        "http_req_duration": {
            "avg": 1168.67465,
            "min": 79.136,
            "med": 133.793,
            "max": 3195.485,
            "p(90)": 3181.3536,
            "p(95)": 3185.2801
        },
        "http_req_blocked": {
            "avg": 40.96284999999999,
            "min": 0.001,
            "med": 0.002,
            "max": 105.792,
            "p(90)": 104.1167,
            "p(95)": 105.1213
        },
        "status_201": {
            "rate": 0.9089374914597749,
            "count": 3
        },
        "http_req_receiving": {
            "max": 1.492,
            "p(90)": 0.4951000000000002,
            "p(95)": 0.9989499999999996,
            "avg": 0.24995000000000003,
            "min": 0.062,
            "med": 0.124
        },
        "http_req_duration{expected_response:true}": {
            "max": 210.48,
            "p(90)": 201.9424,
            "p(95)": 206.2112,
            "avg": 171.141,
            "min": 135.151,
            "med": 167.792
        },
        "vus": {
            "value": 7,
            "min": 7,
            "max": 8
        },
        "vus_max": {
            "value": 8,
            "min": 8,
            "max": 8
        },
        "http_reqs": {
            "count": 20,
            "rate": 6.059583276398499
        },
        "http_req_sending": {
            "avg": 0.2546,
            "min": 0.035,
            "med": 0.3195,
            "max": 0.543,
            "p(90)": 0.43720000000000003,
            "p(95)": 0.50405
        },
        "data_received": {
            "count": 57670,
            "rate": 17472.808377495072
        },
        "iterations": {
            "rate": 6.059583276398499,
            "count": 20
        },
        "http_req_connecting": {
            "avg": 13.4342,
            "min": 0,
            "med": 0,
            "max": 33.735,
            "p(90)": 33.6819,
            "p(95)": 33.70935
        },
        "http_req_waiting": {
            "p(90)": 3181.2031,
            "p(95)": 3185.0855,
            "avg": 1168.1701,
            "min": 78.659,
            "med": 133.4635,
            "max": 3194.88
        },
        "data_sent": {
            "count": 17980,
            "rate": 5447.565365482251
        },
        "http_req_failed": {
            "passes": 17,
            "fails": 3,
            "value": 0.85
        },
        "http_req_tls_handshaking": {
            "min": 0,
            "med": 0,
            "max": 71.257,
            "p(90)": 69.23100000000001,
            "p(95)": 70.33265,
            "avg": 27.032549999999997
        }
    },
    "root_group": {
        "id": "d41d8cd98f00b204e9800998ecf8427e",
        "groups": {},
        "checks": {
                "status is 201 or 409": {
                    "passes": 20,
                    "fails": 0,
                    "name": "status is 201 or 409",
                    "path": "::status is 201 or 409",
                    "id": "36d87620deb898e36b5366dd70e0cea5"
                }
            },
        "name": "",
        "path": ""
    }
}